analogia,modelo,top3_sin_excluir,primero,es
man:king::woman:queen,SGNS,"king (0.77), jagiellon (0.74), queen (0.73)",king,b
man:king::woman:queen,gensim,"king (0.78), jagiellon (0.72), obrenović (0.71)",king,b
man:king::woman:queen,GloVe,"king (0.84), queen (0.77), monarch (0.68)",king,b
man:actor::woman:actress,SGNS,"actress (0.86), actor (0.79), balan (0.68)",actress,esperada
man:actor::woman:actress,gensim,"actress (0.83), actor (0.79), taymor (0.67)",actress,esperada
man:actor::woman:actress,GloVe,"actress (0.91), actor (0.86), comedian (0.69)",actress,esperada
boy:prince::girl:princess,SGNS,"prince (0.83), princess (0.67), consort (0.66)",prince,b
boy:prince::girl:princess,gensim,"prince (0.81), hrh (0.66), queen (0.65)",prince,b
boy:prince::girl:princess,GloVe,"prince (0.92), princess (0.80), queen (0.68)",prince,b
father:son::mother:daughter,SGNS,"daughter (0.87), mother (0.87), son (0.86)",daughter,esperada
father:son::mother:daughter,gensim,"mother (0.86), daughter (0.86), son (0.86)",mother,c
father:son::mother:daughter,GloVe,"daughter (0.95), mother (0.92), wife (0.89)",daughter,esperada
france:paris::japan:tokyo,SGNS,"tokyo (0.84), japan (0.76), shanghai (0.66)",tokyo,esperada
france:paris::japan:tokyo,gensim,"tokyo (0.84), japan (0.78), osaka (0.70)",tokyo,esperada
france:paris::japan:tokyo,GloVe,"tokyo (0.90), japan (0.78), osaka (0.74)",tokyo,esperada
canada:ottawa::australia:canberra,SGNS,"ottawa (0.70), geelong (0.65), tasmania (0.65)",ottawa,b
canada:ottawa::australia:canberra,gensim,"ottawa (0.69), tasmania (0.66), queensland (0.65)",ottawa,b
canada:ottawa::australia:canberra,GloVe,"ottawa (0.75), brisbane (0.74), canberra (0.71)",ottawa,b
egypt:cairo::kenya:nairobi,SGNS,"kenya (0.70), nairobi (0.67), cairo (0.63)",kenya,c
egypt:cairo::kenya:nairobi,gensim,"kenya (0.72), nairobi (0.70), ababa (0.61)",kenya,c
egypt:cairo::kenya:nairobi,GloVe,"nairobi (0.90), kampala (0.73), harare (0.72)",nairobi,esperada
france:french::germany:german,SGNS,"german (0.88), austrian (0.78), french (0.77)",german,esperada
france:french::germany:german,gensim,"german (0.86), austrian (0.78), french (0.76)",german,esperada
france:french::germany:german,GloVe,"german (0.96), germany (0.80), austrian (0.78)",german,esperada
china:chinese::mexico:mexican,SGNS,"mexican (0.79), mexico (0.76), tlaxcala (0.68)",mexican,esperada
china:chinese::mexico:mexican,gensim,"mexican (0.78), mexico (0.76), texas (0.70)",mexican,esperada
china:chinese::mexico:mexican,GloVe,"mexican (0.91), mexico (0.84), puerto (0.75)",mexican,esperada
italy:italian::brazil:brazilian,SGNS,"brazilian (0.85), portuguese (0.74), brazil (0.73)",brazilian,esperada
italy:italian::brazil:brazilian,gensim,"brazilian (0.83), brazil (0.74), chilean (0.74)",brazilian,esperada
italy:italian::brazil:brazilian,GloVe,"brazilian (0.93), brazil (0.76), argentine (0.76)",brazilian,esperada
good:better::bad:worse,SGNS,"better (0.80), worse (0.71), bad (0.67)",better,b
good:better::bad:worse,gensim,"better (0.83), worse (0.76), bigger (0.70)",better,b
good:better::bad:worse,GloVe,"bad (0.90), worse (0.84), better (0.78)",bad,c
big:biggest::small:smallest,SGNS,"large (0.66), small (0.65), largest (0.61)",large,otra
big:biggest::small:smallest,gensim,"small (0.67), large (0.65), largest (0.63)",small,c
big:biggest::small:smallest,GloVe,"largest (0.87), small (0.79), large (0.77)",largest,otra
fast:faster::strong:stronger,SGNS,"strong (0.72), stronger (0.69), weaker (0.63)",strong,c
fast:faster::strong:stronger,gensim,"stronger (0.76), strong (0.72), weaker (0.63)",stronger,esperada
fast:faster::strong:stronger,GloVe,"stronger (0.81), strong (0.79), robust (0.67)",stronger,esperada
walk:walked::swim:swam,SGNS,"swim (0.69), walked (0.63), swam (0.61)",swim,c
walk:walked::swim:swam,gensim,"swim (0.72), swam (0.66), walked (0.62)",swim,c
walk:walked::swim:swam,GloVe,"swam (0.75), swim (0.74), swimming (0.61)",swam,esperada
go:went::take:took,SGNS,"took (0.89), taking (0.77), went (0.77)",took,esperada
go:went::take:took,gensim,"took (0.85), went (0.77), taking (0.75)",took,esperada
go:went::take:took,GloVe,"took (0.94), went (0.87), came (0.84)",took,esperada
run:running::eat:eating,SGNS,"eat (0.80), eating (0.71), meat (0.64)",eat,c
run:running::eat:eating,gensim,"eat (0.80), eating (0.71), ate (0.69)",eat,c
run:running::eat:eating,GloVe,"eat (0.83), eating (0.79), ate (0.66)",eat,c
car:cars::child:children,SGNS,"child (0.80), children (0.72), grandmothers (0.62)",child,c
car:cars::child:children,gensim,"child (0.79), children (0.71), mothers (0.61)",child,c
car:cars::child:children,GloVe,"child (0.84), children (0.82), mothers (0.72)",child,c
city:cities::country:countries,SGNS,"country (0.81), countries (0.72), nation (0.64)",country,c
city:cities::country:countries,gensim,"country (0.80), countries (0.73), cities (0.66)",country,c
city:cities::country:countries,GloVe,"country (0.84), countries (0.81), nation (0.75)",country,c
mouse:mice::foot:feet,SGNS,"foot (0.72), camels (0.58), leg (0.52)",foot,c
mouse:mice::foot:feet,gensim,"foot (0.73), paddled (0.60), bowmen (0.55)",foot,c
mouse:mice::foot:feet,GloVe,"foot (0.73), feet (0.55), doses (0.54)",foot,c
possible:impossible::legal:illegal,SGNS,"legal (0.73), copyright (0.62), infringed (0.59)",legal,c
possible:impossible::legal:illegal,gensim,"legal (0.72), copyright (0.66), legality (0.59)",legal,c
possible:impossible::legal:illegal,GloVe,"legal (0.74), impossible (0.68), law (0.60)",legal,c
