categoria,SGNS_add,cobertura,SGNS_mul,gensim_add,gensim_mul,GloVe_add,GloVe_mul
capital-common-countries,0.7078947368421052,0.7509881422924901,0.6684210526315789,0.7289473684210527,0.6684210526315789,0.9289473684210526,0.9105263157894737
capital-world,0.5707456978967496,0.23121131741821396,0.5229445506692161,0.5793499043977055,0.5210325047801148,0.8833652007648184,0.858508604206501
currency,0.018518518518518517,0.06235565819861432,0.018518518518518517,0.018518518518518517,0.018518518518518517,0.05555555555555555,0.05555555555555555
city-in-state,0.36114285714285715,0.7093635995135793,0.3262857142857143,0.324,0.2988571428571429,0.3017142857142857,0.268
family,0.564327485380117,0.6758893280632411,0.5029239766081871,0.5760233918128655,0.5292397660818714,0.8801169590643275,0.868421052631579
gram1-adjective-to-adverb,0.1206896551724138,0.8185483870967742,0.10467980295566502,0.13177339901477833,0.11330049261083744,0.27955665024630544,0.27832512315270935
gram2-opposite,0.06985294117647059,0.33497536945812806,0.0625,0.14338235294117646,0.10294117647058823,0.27205882352941174,0.23897058823529413
gram3-comparative,0.5165165165165165,1.0,0.503003003003003,0.5780780780780781,0.5518018018018018,0.7995495495495496,0.7807807807807807
gram4-superlative,0.3247863247863248,0.6256684491978609,0.31339031339031337,0.29772079772079774,0.2948717948717949,0.6082621082621082,0.6111111111111112
gram5-present-participle,0.4379310344827586,0.8238636363636364,0.38620689655172413,0.4298850574712644,0.38620689655172413,0.7218390804597701,0.7160919540229885
gram6-nationality-adjective,0.8645111624326405,0.8123827392120075,0.850654349499615,0.850654349499615,0.8260200153964589,0.9738260200153964,0.9584295612009238
gram7-past-tense,0.6298798798798799,0.8538461538461538,0.5968468468468469,0.6193693693693694,0.5593093093093093,0.5878378378378378,0.5623123123123123
gram8-plural,0.5100806451612904,0.7447447447447447,0.4566532258064516,0.4596774193548387,0.40826612903225806,0.7993951612903226,0.7641129032258065
gram9-plural-verbs,0.3353846153846154,0.7471264367816092,0.3476923076923077,0.3830769230769231,0.38461538461538464,0.583076923076923,0.6107692307692307
SEMÁNTICAS,0.47368421052631576,0.40275115571090314,0.43253079507278835,0.46136618141097424,0.42105263157894735,0.5904255319148937,0.5635498320268757
SINTÁCTICAS,0.49630795303232056,0.773864168618267,0.47294516402372594,0.5004236775208812,0.4685873380946617,0.682847112940322,0.6696525844328773
TOTAL,0.48947857686132,0.6054543593941875,0.4607453731091017,0.48863348263331363,0.4542381475534522,0.6549480267049776,0.637623595030846
