,SGNS,gensim,GloVe
tokens corpus,30000534,30000534,6000000000
vocabulario,109700,109700,400000
dimensión,100,100,100
tiempo entrenamiento,46.2 min,16.8 min,"≈85 min co-ocurrencias (1 hilo) + 50 iteraciones (≤14 min/iter, 32 núcleos)"
hardware,NVIDIA GeForce RTX 3070 Laptop GPU,CPU 8 hilos,"2× Intel Xeon E5-2658 2.1 GHz (Pennington et al., 2014)"
sem add,0.47368421052631576,0.46136618141097424,0.5904255319148937
syn add,0.49630795303232056,0.5004236775208812,0.682847112940322
total add,0.48947857686132,0.48863348263331363,0.6549480267049776
sem mul,0.43253079507278835,0.42105263157894735,0.5635498320268757
syn mul,0.47294516402372594,0.4685873380946617,0.6696525844328773
total mul,0.4607453731091017,0.4542381475534522,0.637623595030846
WordSim-353,0.6744484383226061,0.6691147710631061,0.5327354323238275
SimLex-999,0.29462217760826137,0.31221430521341853,0.2975498530061459
cos medio vect. diferencia,0.23792209369795664,0.2411220408976078,0.40441715930189404
OOV AG News (%),3.3381905350959036,3.3381905350959036,0.803709644166291
F1 test,0.9138996774652475,0.9135760643491951,0.9182748285641836
