frac,seed,init,variant,val_f1,test_f1
0.01,0,TF-IDF,-,0.8263258041934343,0.8141590378158116
0.01,0,Aleatorio,fine-tuning,0.7185929738374939,0.7040138184718026
0.01,0,SGNS,congelado,0.8632093871517768,0.8605749963058296
0.01,0,SGNS,fine-tuning,0.8675787891734454,0.8570130516376921
0.01,0,gensim,congelado,0.8569490056628957,0.8531779477693289
0.01,0,gensim,fine-tuning,0.8653896687971244,0.8624979505435094
0.01,0,GloVe,congelado,0.8783836756761317,0.8705629847646562
0.01,0,GloVe,fine-tuning,0.8782701052118062,0.8711440179892178
0.01,1,TF-IDF,-,0.8254230747431691,0.8132121989148557
0.01,1,Aleatorio,fine-tuning,0.7190055578846571,0.7125871429580537
0.01,1,SGNS,congelado,0.848789790092745,0.8417644313417865
0.01,1,SGNS,fine-tuning,0.8647097580165781,0.8601582470891097
0.01,1,gensim,congelado,0.8570033340263222,0.8544782220097703
0.01,1,gensim,fine-tuning,0.8617559130008074,0.8566784719488576
0.01,1,GloVe,congelado,0.8745517652124359,0.868266430047909
0.01,1,GloVe,fine-tuning,0.8741822810907975,0.8714574229390513
0.01,2,TF-IDF,-,0.8299038404711059,0.8274879500656046
0.01,2,Aleatorio,fine-tuning,0.7057763701331232,0.7098859169836331
0.01,2,SGNS,congelado,0.8656322617176575,0.8602665450378447
0.01,2,SGNS,fine-tuning,0.8680620620260302,0.8612122343043223
0.01,2,gensim,congelado,0.8610834208419903,0.8606443380185953
0.01,2,gensim,fine-tuning,0.8669012282590721,0.8681696903125222
0.01,2,GloVe,congelado,0.8736842169355821,0.8663831891687496
0.01,2,GloVe,fine-tuning,0.874801888819813,0.8703575980691346
0.05,0,TF-IDF,-,0.8802513844833806,0.8677488899908647
0.05,0,Aleatorio,fine-tuning,0.8224612937775396,0.8063160602380541
0.05,0,SGNS,congelado,0.8697262620916777,0.8620331315001679
0.05,0,SGNS,fine-tuning,0.8880574579420906,0.8818316802743487
0.05,0,gensim,congelado,0.8635120910402312,0.8598845226563446
0.05,0,gensim,fine-tuning,0.8858756973626236,0.8805873966992692
0.05,0,GloVe,congelado,0.8855235122008834,0.8773581835036187
0.05,0,GloVe,fine-tuning,0.895876810723578,0.8888576848494465
0.05,1,TF-IDF,-,0.878412042659714,0.8701175299093212
0.05,1,Aleatorio,fine-tuning,0.8177096579039813,0.8121270427303382
0.05,1,SGNS,congelado,0.8684904093238319,0.8651971058191459
0.05,1,SGNS,fine-tuning,0.8887562453864069,0.8873085146097147
0.05,1,gensim,congelado,0.8707446985451024,0.8685715789509392
0.05,1,gensim,fine-tuning,0.8883704618010823,0.8864162994947967
0.05,1,GloVe,congelado,0.888479004534886,0.8809114330979209
0.05,1,GloVe,fine-tuning,0.894694076542927,0.8897219478524179
0.05,2,TF-IDF,-,0.8809703059598031,0.8744439550125297
0.05,2,Aleatorio,fine-tuning,0.8172542127485296,0.8082433155667185
0.05,2,SGNS,congelado,0.8778986729463764,0.8725199119909124
0.05,2,SGNS,fine-tuning,0.8886051158673611,0.8814990691434045
0.05,2,gensim,congelado,0.870574357099291,0.8674591471368843
0.05,2,gensim,fine-tuning,0.8871661319938887,0.8826400850323821
0.05,2,GloVe,congelado,0.8903954574113913,0.8832819693169159
0.05,2,GloVe,fine-tuning,0.895275044154844,0.890224427417153
0.1,0,TF-IDF,-,0.8944254834748796,0.8832428994591957
0.1,0,Aleatorio,fine-tuning,0.8444645075380928,0.8331903089683106
0.1,0,SGNS,congelado,0.8718052929941789,0.8674306228290014
0.1,0,SGNS,fine-tuning,0.8979785092892743,0.8926679555054563
0.1,0,gensim,congelado,0.870920931786298,0.8662038685434682
0.1,0,gensim,fine-tuning,0.8952607164291786,0.8905098183826182
0.1,0,GloVe,congelado,0.8934149246650093,0.8828916685127912
0.1,0,GloVe,fine-tuning,0.9010205012430459,0.8942258689539159
0.25,0,TF-IDF,-,0.9061256561665929,0.898813513814186
0.25,0,Aleatorio,fine-tuning,0.8785223372289778,0.8683066551215262
0.25,0,SGNS,congelado,0.8826677297096471,0.8797807405664109
0.25,0,SGNS,fine-tuning,0.906299254353383,0.9009864147762459
0.25,0,gensim,congelado,0.8824341409980365,0.8805731220700085
0.25,0,gensim,fine-tuning,0.9046868278857105,0.9000693165929123
0.25,0,GloVe,congelado,0.9007631473730995,0.8902905780589138
0.25,0,GloVe,fine-tuning,0.9098293152711004,0.9042264210844089
0.5,0,TF-IDF,-,0.9159175442446184,0.9102100886630458
0.5,0,Aleatorio,fine-tuning,0.8955240079155882,0.8885597968016825
0.5,0,SGNS,congelado,0.8847828848335602,0.8824698915226763
0.5,0,SGNS,fine-tuning,0.9090298766856729,0.9031263729430317
0.5,0,gensim,congelado,0.8858708874952249,0.8833020998392583
0.5,0,gensim,fine-tuning,0.9086375932491899,0.9076098909133562
0.5,0,GloVe,congelado,0.9011913768702772,0.8924836650123277
0.5,0,GloVe,fine-tuning,0.91610562195563,0.9136499631647144
1.0,0,TF-IDF,-,0.9246483442856523,0.9211343388921702
1.0,0,Aleatorio,fine-tuning,0.9120690164523497,0.9060230413898367
1.0,0,SGNS,congelado,0.8858127377126593,0.884376679751183
1.0,0,SGNS,fine-tuning,0.9181096882873291,0.9127045696315037
1.0,0,gensim,congelado,0.8858592442343759,0.8833747200423863
1.0,0,gensim,fine-tuning,0.91849787125201,0.9128321324941844
1.0,0,GloVe,congelado,0.9035346993197928,0.8968359104289433
1.0,0,GloVe,fine-tuning,0.9237890110477569,0.9187302301183294
