run,impl,tokens,V,dim,win,neg,sample,min_count,lr,epochs,loss,an_sem,an_syn,an_total,wordsim,score,t_epoch,t_total,gpu_mb
sgns_lr0.002,SGNS-PyTorch,30000534,109700,100,5,5,0.0001,5,0.002,5,2.172740452846406,0.2826025459688826,0.45212444014041886,0.40132248219735506,0.6652271590609643,0.5332748206291597,43.240245246887206,216.20122623443604,2318.5927734375
sgns_lr0.005,SGNS-PyTorch,30000534,109700,100,5,5,0.0001,5,0.005,5,2.1403033051491165,0.3867043847241867,0.470645200338942,0.44548999660902,0.674107010503611,0.5597985035563156,51.523807525634766,257.6190376281738,2363.94921875
sgns_lr0.01,SGNS-PyTorch,30000534,109700,100,5,5,0.0001,5,0.01,5,2.1361147132605742,0.403960396039604,0.46798208449340273,0.4487962021024076,0.6658000703033852,0.5572981362028964,62.43025116920471,312.15125584602356,2404.412109375
sgns_dim50,SGNS-PyTorch,30000534,109700,50,5,5,0.0001,5,0.005,5,2.188956800735647,0.25063649222065065,0.3903885728120082,0.34850796880298407,0.635042784624264,0.49177537671362404,47.10844464302063,235.54222321510315,2289.8525390625
sgns_dim300,SGNS-PyTorch,30000534,109700,300,5,5,0.0001,5,0.005,5,2.0572414904461147,0.5224893917963225,0.48275027236412055,0.49465920651068157,0.6628532604057616,0.5787562334582216,198.84445118904114,994.2222559452057,3097.89990234375
sgns_window2,SGNS-PyTorch,30000534,109700,100,2,5,0.0001,5,0.005,5,2.008345351777298,0.32786421499292784,0.4833555259653795,0.43675822312648355,0.6555014450911146,0.5461298341087991,106.38814764022827,531.9407382011414,2071.40087890625
sgns_window10,SGNS-PyTorch,30000534,109700,100,10,5,0.0001,5,0.005,5,2.204575316917209,0.4178217821782178,0.46120324415930275,0.4482027806035944,0.6674646502774952,0.5578337154405448,242.04825387001037,1210.2412693500519,3464.4326171875
sgns_neg2,SGNS-PyTorch,30000534,109700,100,5,2,0.0001,5,0.005,5,1.4909717745562485,0.3422913719943423,0.4474034620505992,0.4159036961681926,0.6838211298411736,0.5498624130046831,180.97234544754028,904.8617272377014,2666.11962890625
sgns_neg15,SGNS-PyTorch,30000534,109700,100,5,15,0.0001,5,0.005,5,3.045577601543136,0.44837340876944837,0.485897591090667,0.4746524245506952,0.6711677030151144,0.5729100637829048,292.6748848438263,1463.3744242191315,2750.52880859375
sgns_sample0.001,SGNS-PyTorch,30000534,109700,100,5,5,0.001,5,0.005,5,2.1838946745016,0.37567185289957566,0.4935237864665295,0.4582061715835877,0.6553201596051201,0.5567631655943539,280.16389112472535,1400.8194556236267,2847.89501953125
sgns_sample1e-05,SGNS-PyTorch,30000534,109700,100,5,5,1e-05,5,0.005,5,2.046816685728536,0.3940594059405941,0.3988621232296332,0.3974228552051543,0.6676512556535982,0.5325370554293762,124.73164181709289,623.6582090854645,2665.78076171875
sgns_min_count10,SGNS-PyTorch,30000534,72652,100,5,5,0.0001,10,0.005,5,2.1698698424301495,0.3765205091937765,0.47427672194649556,0.4449813496100373,0.6741641652204144,0.5595727574152258,103.90578093528748,519.5289046764374,2736.2607421875
sgns_frac0.25,SGNS-PyTorch,7502502,50330,100,5,5,0.0001,5,0.005,5,2.132723983045648,0.1715009856378485,0.2472135253600501,0.22390776699029127,0.6180835972718854,0.42099568213108834,47.53124299049377,237.65621495246887,2143.57666015625
sgns_frac0.5,SGNS-PyTorch,15000966,74728,100,5,5,0.0001,5,0.005,5,2.1338024724858644,0.32384239286741445,0.3962949054950557,0.3743240886098029,0.6512508409250212,0.512787464767412,85.81544785499572,429.07723927497864,2417.4072265625
sgns_best10,SGNS-PyTorch,30000534,109700,100,5,15,0.0001,5,0.005,10,3.0278381211024943,0.47355021216407356,0.49630795303232056,0.48948796202102407,0.6744484383226061,0.5819682001718152,277.18932967185975,2771.8932967185974,2351.21484375
