categoria,n_pares,SGNS,SGNS_base,gensim,gensim_base,GloVe,GloVe_base
capital-common-countries,20,0.33794620633125305,0.16276514530181885,0.34808245301246643,0.1641818881034851,0.5821227431297302,0.2562311291694641
capital-world,56,0.24716614186763763,0.12308145314455032,0.2586705982685089,0.12636445462703705,0.566735565662384,0.24548129737377167
currency,8,0.2761722803115845,0.21102048456668854,0.24469560384750366,0.20122869312763214,0.25114259123802185,0.20700295269489288
city-in-state,57,0.18240498006343842,0.1161210760474205,0.18667258322238922,0.12001530826091766,0.33684682846069336,0.24223491549491882
family,19,0.2501746118068695,0.11603693664073944,0.2536722719669342,0.11595939099788666,0.5066270232200623,0.19820645451545715
gram1-adjective-to-adverb,29,0.11770287901163101,0.05910315364599228,0.1247386783361435,0.06437936425209045,0.270798921585083,0.12761154770851135
gram2-opposite,17,0.08839546889066696,0.04201226308941841,0.1024862602353096,0.046789661049842834,0.23107436299324036,0.101252980530262
gram3-comparative,37,0.2958774268627167,0.15442202985286713,0.3113369345664978,0.16239209473133087,0.42434829473495483,0.17004424333572388
gram4-superlative,27,0.2774209678173065,0.17588302493095398,0.28337934613227844,0.1770523339509964,0.4653586745262146,0.2648504376411438
gram5-present-participle,30,0.15756645798683167,0.04289684072136879,0.17914201319217682,0.0534849651157856,0.3185265064239502,0.0760016217827797
gram6-nationality-adjective,37,0.47433096170425415,0.1937323659658432,0.475213885307312,0.19708935916423798,0.7491236925125122,0.27743393182754517
gram7-past-tense,37,0.20316562056541443,0.06580076366662979,0.19535081088542938,0.0646762028336525,0.28884875774383545,0.08574216067790985
gram8-plural,32,0.15805265307426453,0.0517575666308403,0.15729095041751862,0.05473179742693901,0.313875287771225,0.08546523004770279
gram9-plural-verbs,26,0.2645326554775238,0.11246315389871597,0.25497618317604065,0.10132478177547455,0.3564109802246094,0.10906881839036942
